cluster_id,mean_pressure_at_carrier,peak_pressure_at_carrier,mean_gradient_mag,mean_funnel_to_boards,mean_open_corridor_cost,mean_compactness_area,mean_defenders_near_carrier,mean_local_pressure,mean_pinchers,share_time_high_pressure,corridor_closure_rate_3s,mean_d_pinch_support,mean_f1_distance,mean_f2_distance,mean_f3_distance,mean_f1_pressure_contrib,mean_f2_pressure_contrib,mean_f3_pressure_contrib,mean_f1_share_pressure,mean_f2_share_pressure,mean_f3_share_pressure,turnover_in_dzone,forced_dump_out,controlled_exit_allowed,n_episodes
0,1.3400528019391462,1.6593578971944274,0.05036825521931282,-0.269567233086638,0.4617851227765522,467.78239627314497,2.6125133579074062,0.4930064880018518,0.33195921793906646,0.8621402010605856,0.023307433257054064,0.19572315100439946,6.524520601893903,12.165112096969517,18.88208531670626,0.5691739573372412,0.4065859972955852,0.2593659411462001,0.478118902395465,0.32662402263300977,0.20359256039432982,0.33121019108280253,0.2929936305732484,0.33121019108280253,157
1,0.32511104710786,0.7015780177644447,0.021137063401499664,-0.3125400214323533,0.13523250155936423,41.19044496840677,0.5684904693152565,0.13604122608427455,0.3578683195657054,0.018259642117402632,-0.006088560680437055,0.06418566250604417,22.068224972624936,36.11341202080771,44.93249966787123,0.2388283367673152,0.07703068383763033,0.031724791419065715,0.7862825267418302,0.2043167678579057,0.07083235377546593,0.16666666666666666,0.2467948717948718,0.5288461538461539,312
2,0.6229111263042232,1.1132293797553463,0.03137890548681122,-0.2267988446508741,0.2399665613806122,83.85085076071516,1.1470115448810045,0.30649588645562764,0.35695615467341607,0.1287882725706402,0.0024876946841993204,0.08096068376602655,13.784253782761015,25.75250484561755,36.22927506156319,0.3868358692720402,0.16998490615673928,0.07195680464934573,0.6734080593681009,0.2572015225524898,0.1009277142593995,0.26121794871794873,0.20673076923076922,0.4583333333333333,624
3,0.9251107637137622,1.3663040634306343,0.039834016905490405,-0.2608948363936644,0.34182567421142807,170.56251553712937,1.7643855592433668,0.43873483960709814,0.44492684566515794,0.43517229714515787,0.00029645148940044084,0.17685000179248214,8.985529267114341,18.1232065558152,29.048070705514164,0.5001332765366313,0.28128451920679554,0.12475592250698822,0.5852661661936195,0.3024562565529461,0.12977275248434827,0.28781512605042014,0.2710084033613445,0.38235294117647056,476
