cluster_id,mean_pressure_at_carrier,peak_pressure_at_carrier,mean_gradient_mag,mean_funnel_to_boards,mean_open_corridor_cost,mean_compactness_area,mean_defenders_near_carrier,mean_local_pressure,mean_pinchers,share_time_high_pressure,corridor_closure_rate_3s,turnover_in_dzone,forced_dump_out,controlled_exit_allowed,n_episodes
0,1.6930206946131154,2.107573027332317,0.05761259603402456,-0.3474489679532256,0.6028892440396099,957.1824754940678,2.4178784773565623,0.8516132985765563,0.3458352604325794,0.8127554012295302,0.03475879050549518,0.33195020746887965,0.31950207468879666,0.2987551867219917,241
1,0.39536279314206196,0.8407127010530792,0.026167231800230114,-0.288906287190172,0.15284017545187828,183.60693275411907,0.4940204139638675,0.19668933737233152,0.3516770762565872,0.01035847809666939,-0.014647235357228653,0.18786127167630057,0.23410404624277456,0.5375722543352601,346
2,0.8177932594959566,1.4308994473767112,0.039114184782171824,-0.24807286737786463,0.3124450867658785,333.60998122361144,1.1185112960176327,0.5603151545339088,0.32170842276477035,0.10456299426977549,0.01910379391749771,0.27631578947368424,0.23026315789473684,0.4243421052631579,608
3,1.1780387273363746,1.8585665170784833,0.04686752064768429,-0.2926899319967116,0.4242508602131389,612.0074787658998,1.6497315543520967,0.7208086989396819,0.45938903640130396,0.3651024204101788,-0.02967509384774939,0.26666666666666666,0.22795698924731184,0.432258064516129,465
