eps,min_samples,n_obs,n_clusters,n_noise,noise_pct,largest_cluster_share_pct,silhouette_non_noise
2.2,5,1569,5,418,26.64117272147865,98.69678540399653,-0.010086987195347265
2.4,5,1569,3,294,18.738049713193117,99.29411764705883,0.3857415233956582
2.5,5,1569,3,246,15.678776290630974,99.31972789115646,0.3764785629167391
2.3,5,1569,3,354,22.562141491395792,99.42386831275721,0.1911631034606487
