eps,min_samples,n_obs,n_clusters,n_noise,noise_pct,largest_cluster_share_pct,silhouette_non_noise
1.4,5.0,1569.0,7.0,1461.0,93.11663479923519,64.81481481481481,0.06140227567040429
1.5,5.0,1569.0,6.0,1347.0,85.8508604206501,90.09009009009009,-0.1406391498997844
2.2,5.0,1569.0,5.0,418.0,26.64117272147865,98.69678540399653,-0.010086987195347265
1.9,5.0,1569.0,4.0,725.0,46.20777565328235,97.74881516587678,0.21111261643810988
2.4,5.0,1569.0,3.0,294.0,18.738049713193117,99.29411764705883,0.3857415233956582
2.6,5.0,1569.0,2.0,211.0,13.448056086679413,99.55817378497791,0.4060573690680658
