covariance_type,n_components,n_obs,bic,aic,silhouette,calinski_harabasz,davies_bouldin,n_components_found,largest_component_weight,smallest_component_weight,weight_entropy
full,6,1569,29824.977366061023,21696.59744316501,0.02267542280434136,215.29647739830637,3.09458067639495,6,0.30251702650092216,0.07147103719145978,1.6537944187126414
tied,12,1569,43731.8751421872,41084.92742833708,0.03534676514977347,105.61728027482101,1.98091919882768,12,0.6286479854464381,0.003824089122551167,1.4670990786197178
diag,12,1569,55536.3763784728,52776.906595815286,0.004629721408136692,152.0433948710448,2.534287745966193,12,0.15557457936461888,0.032906488759705116,2.3939907656960933
spherical,12,1569,68905.39619922981,67431.89291722824,0.06836316918121393,196.21822179143737,2.574987370591217,12,0.1335856123927181,0.03618950382370296,2.4094461730505268
