gmm_component,n_episodes,turnover_in_dzone,forced_dump_out,controlled_exit_allowed,gmm_max_posterior
0,475,0.2631578947368421,0.29473684210526313,0.391578947368421,0.9801632842680696
1,163,0.36809815950920244,0.3006134969325153,0.2883435582822086,0.97122011051417
2,364,0.24725274725274726,0.26373626373626374,0.4532967032967033,0.9890979675734951
3,128,0.1171875,0.2265625,0.578125,0.9684380877961413
4,113,0.2743362831858407,0.19469026548672566,0.4778761061946903,0.9735179827119709
5,326,0.254601226993865,0.13803680981595093,0.48773006134969327,0.9846173151377281
