archetype_id,sca_per_100_frames,cut_rate,drag_rate,screen_rate,decoy_rate,shot_in_5s_rate,sca_total,sca_mean,n_frames,possessions,n_players
0,-0.019222822252602318,0.0037620436554621508,0.006684790052190436,0.0014591035332376402,0.01267256688082836,0.04269930308783856,-0.02076895888683877,-0.00019222822252602315,38.61951219512195,9.975609756097562,205
1,0.025723183584467346,0.09528068229219798,0.23430966154205843,0.045246989028698496,0.1398921846125475,0.26798684091584424,0.13535473362216985,0.00025723183584467355,345.3611111111111,63.449074074074076,216
2,-0.013650255537618937,0.0,0.0,0.9914529914529914,0.0,0.4230769230769231,-0.00027579396618182826,-0.00013650255537618936,2.0256410256410255,2.0,39
3,-0.0019301573293607295,0.0017572735371444714,0.00859373824793289,0.008758120939530236,0.008302913760511049,0.9715852477487964,-0.0015579678540332095,-1.9301573293607296e-05,12.021739130434783,3.5869565217391304,46
4,6.66273595476356,0.0,0.0,0.0,0.0,0.0,0.1332547190952712,0.0666273595476356,2.0,2.0,1
